word,type,field
Algorithm,noun,CS
Framework,noun,ALL
Model,noun,ALL
System,noun,ALL
Network,noun,CS
Operator,noun,MATH
Graph,noun,CS
Matrix,noun,MATH
Function,noun,MATH
Topology,noun,MATH
Manifold,noun,MATH
Protocol,noun,CS
Sequence,noun,MATH
Distribution,noun,ALL
Structure,noun,ALL
Lattice,noun,MATH
Decomposition,noun,ALL
Representation,noun,ALL
Estimator,noun,ALL
Classifier,noun,CS
Kernel,noun,CS
Invariant,noun,MATH
Scheme,noun,ALL
Spectrum,noun,PHYS
Transform,noun,MATH
Distributed,adjective,CS
Optimal,adjective,ALL
Robust,adjective,ALL
Adaptive,adjective,ALL
Stochastic,adjective,ALL
Nonlinear,adjective,PHYS
Generalised,adjective,ALL
Discrete,adjective,MATH
Bounded,adjective,MATH
Unified,adjective,ALL
Scalable,adjective,CS
Efficient,adjective,ALL
Recursive,adjective,CS
Symmetric,adjective,MATH
Hierarchical,adjective,ALL
Probabilistic,adjective,ALL
Continuous,adjective,MATH
Sparse,adjective,CS
Convergent,adjective,MATH
Parallel,adjective,CS
Optimizing,gerund,ALL
Modeling,gerund,ALL
Estimating,gerund,ALL
Computing,gerund,CS
Analyzing,gerund,ALL
Simulating,gerund,PHYS
Approximating,gerund,ALL
Classifying,gerund,CS
Transforming,gerund,MATH
Decomposing,gerund,MATH
Sampling,gerund,ALL
Evaluating,gerund,ALL
Learning,gerund,CS
Clustering,gerund,CS
Processing,gerund,CS
Convergence,concept,MATH
Stability,concept,ALL
Complexity,concept,CS
Consistency,concept,ALL
Efficiency,concept,ALL
Accuracy,concept,ALL
Scalability,concept,CS
Correctness,concept,CS
Regularity,concept,MATH
Completeness,concept,MATH
Invariance,concept,PHYS
Equilibrium,concept,PHYS
Entropy,concept,PHYS
Variance,concept,ALL
Expressiveness,concept,CS
via,connector,ALL
for,connector,ALL
and,connector,ALL
with,connector,ALL
on,connector,ALL
toward,connector,ALL
beyond,connector,ALL
in,connector,ALL
using,connector,ALL
with Applications to,connector,ALL
